"","First_Name","Last_Name","year","forum","race"
"1","Johannes","Ballé",2017,"rJxdQ3jeg","asian"
"2","Johannes","Ballé",2018,"rkcQFMZRb","asian"
"3","Johannes","Ballé",2019,"S1zz2i0cY7","asian"
"4","Sachin","Ravi",2017,"rJY0-Kcll","asian"
"5","Sachin","Ravi",2018,"HJcSzz-CZ","asian"
"6","Sachin","Ravi",2019,"rkgpy3C5tX","asian"
"7","Angeliki","Lazaridou",2017,"Hk8N3Sclg","asian"
"8","Angeliki","Lazaridou",2018,"HJGv1Z-AW","asian"
"9","Angeliki","Lazaridou",2018,"Hk6WhagRW","asian"
"10","Angeliki","Lazaridou",2018,"rknt2Be0-","asian"
"11","Angeliki","Lazaridou",2019,"B1lG42C9Km","asian"
"12","Angeliki","Lazaridou",2019,"HJG0ojCcFm","asian"
"43","Shixiang","Gu",2017,"SJ3rcZcxl","asian"
"44","Shixiang","Gu",2017,"rkE3y85ee","asian"
"45","Shixiang","Gu",2017,"BJ8fyHceg","asian"
"46","Shixiang","Gu",2018,"S1vuO-bCW","asian"
"47","Shixiang","Gu",2018,"rJssAZ-0-","asian"
"48","Shixiang","Gu",2019,"HkG3e205K7","asian"
"49","Shixiang","Gu",2019,"H1emus0qF7","asian"
"71","Nitish","Shirish Keskar",2017,"H1oyRlYgg","asian"
"72","Nitish","Shirish Keskar",2018,"SkYMnLxRW","asian"
"73","Nitish","Shirish Keskar",2018,"SyyGPP0TZ","asian"
"74","Nitish","Shirish Keskar",2019,"B1lfHhR9tm","asian"
"75","Nitish","Shirish Keskar",2019,"r14EOsCqKX","asian"
"76","Nitish","Shirish Keskar",2019,"Syl7OsRqY7","asian"
"77","Nitish","Shirish Keskar",2019,"BJxOHs0cKm","asian"
"127","Nicolas","Papernot",2017,"HkwoSDPgg","hispanic"
"128","Nicolas","Papernot",2018,"rkZvSe-RZ","hispanic"
"129","Nicolas","Papernot",2018,"rkZB1XbRZ","hispanic"
"130","Nicolas","Papernot",2019,"r1xyx3R9tQ","hispanic"
"135","Alex","X. Lee",2017,"r1YNw6sxg","hispanic"
"136","Alex","X. Lee",2018,"HJrJpzZRZ","hispanic"
"137","Alex","X. Lee",2019,"HyEl3o05Fm","hispanic"
"138","George","Philipp",2017,"BJK3Xasel","white"
"139","George","Philipp",2018,"HkpYwMZRb","white"
"140","George","Philipp",2019,"BkeK-nRcFX","white"
"141","Jimmy","Ba",2017,"SkkTMpjex","asian"
"142","Jimmy","Ba",2018,"rJNpifWAb","asian"
"143","Jimmy","Ba",2018,"HyMTkQZAb","asian"
"144","Jimmy","Ba",2018,"S1sqHMZCb","asian"
"145","Jimmy","Ba",2019,"HyM8V2A9Km","asian"
"146","Jimmy","Ba",2019,"HJgd1nAqFX","asian"
"147","Jimmy","Ba",2019,"BkgWHnR5tm","asian"
"148","Jimmy","Ba",2019,"S1eB3sRqtm","asian"
"237","Mengye","Ren",2017,"rk5upnsxe","asian"
"238","Mengye","Ren",2018,"HJcSzz-CZ","asian"
"239","Mengye","Ren",2018,"H1MczcgR-","asian"
"240","Mengye","Ren",2019,"rkgW0oA9FX","asian"
"241","Mengye","Ren",2019,"rkxn7nR5KX","asian"
"257","Yaniv","Taigman",2017,"Sk2Im59ex","asian"
"258","Yaniv","Taigman",2018,"SkFAWax0-","asian"
"259","Yaniv","Taigman",2019,"HJGkisCcKm","asian"
"260","Nicolas","Usunier",2017,"B184E5qee","hispanic"
"261","Nicolas","Usunier",2017,"r1LXit5ee","hispanic"
"262","Nicolas","Usunier",2018,"Bya8fGWAZ","hispanic"
"263","Nicolas","Usunier",2018,"B1nxTzbRZ","hispanic"
"264","Nicolas","Usunier",2019,"SJG6G2RqtX","hispanic"
"270","Mikael","Henaff",2017,"rJTKKKqeg","white"
"271","Mikael","Henaff",2018,"HJIhGXWCZ","white"
"272","Mikael","Henaff",2019,"HygQBn0cYm","white"
"273","Gao","Huang",2017,"BJYwwY9ll","asian"
"274","Gao","Huang",2018,"Hk2aImxAb","asian"
"275","Gao","Huang",2018,"Sy1f0e-R-","asian"
"276","Gao","Huang",2019,"BkesJ3R9YX","asian"
"277","Gao","Huang",2019,"rJlnB3C5Ym","asian"
"293","Yuxin","Wu",2017,"Hk3mPK5gg","asian"
"294","Yuxin","Wu",2018,"rkaT3zWCZ","asian"
"295","Yuxin","Wu",2019,"SJgs1n05YQ","asian"
"296","Harrison","Edwards",2017,"HJDBUF5le","black"
"297","Harrison","Edwards",2018,"S1Auv-WRZ","black"
"298","Harrison","Edwards",2018,"BJRxfZbAW","black"
"299","Harrison","Edwards",2019,"H1lJJnR5Ym","black"
"300","Harrison","Edwards",2019,"HJGven05Y7","black"
"316","Chelsea","Finn",2017,"ryHlUtqge","white"
"317","Chelsea","Finn",2018,"rk49Mg-CW","white"
"318","Chelsea","Finn",2018,"HJrJpzZRZ","white"
"319","Chelsea","Finn",2018,"HyjC5yWCW","white"
"320","Chelsea","Finn",2018,"BJ_UL-k0b","white"
"321","Chelsea","Finn",2019,"SyeLno09Fm","white"
"322","Chelsea","Finn",2019,"HJG1Uo09Fm","white"
"323","Chelsea","Finn",2019,"H1eRBoC9FX","white"
"324","Chelsea","Finn",2019,"HyztsoC5Y7","white"
"325","Chelsea","Finn",2019,"HJx9EhC9tQ","white"
"326","Chelsea","Finn",2019,"HyxAfnA5tm","white"
"327","Chelsea","Finn",2019,"r1My6sR9tX","white"
"328","Chelsea","Finn",2019,"HyEl3o05Fm","white"
"732","Ke","Li",2017,"ry4Vrt5gl","asian"
"733","Ke","Li",2018,"BkM27IxR-","asian"
"734","Ke","Li",2019,"rygunsAqYQ","asian"
"735","Ke","Li",2019,"ryxyHnR5tX","asian"
"740","Yuhuai","Wu",2017,"B1M8JF9xx","asian"
"741","Yuhuai","Wu",2018,"SyzKd1bCW","asian"
"742","Yuhuai","Wu",2018,"Skk3Jm96W","asian"
"743","Yuhuai","Wu",2018,"H1MczcgR-","asian"
"744","Yuhuai","Wu",2019,"HyM8V2A9Km","asian"
"755","Song","Han",2017,"S1_pAu9xl","asian"
"756","Song","Han",2017,"HyoST_9xl","asian"
"757","Song","Han",2017,"S1xh5sYgx","asian"
"758","Song","Han",2018,"HJzgZ3JCW","asian"
"759","Song","Han",2018,"SkhQHMW0W","asian"
"760","Song","Han",2019,"HylVB3AqYm","asian"
"761","Song","Han",2019,"r1xFE3Rqt7","asian"
"762","Song","Han",2019,"ryetZ20ctX","asian"
"803","Michael","Chang",2017,"Bkab5dqxe","asian"
"804","Michael","Chang",2018,"ryH20GbRW","asian"
"805","Michael","Chang",2019,"B1ffQnRcKX","asian"
"806","Lukasz","Kaiser",2017,"SJTQLdqlg","white"
"807","Lukasz","Kaiser",2017,"rkjZ2Pcxe","white"
"808","Lukasz","Kaiser",2017,"HkCjNI5ex","white"
"809","Lukasz","Kaiser",2018,"BkQCGzZ0-","white"
"810","Lukasz","Kaiser",2018,"Hyg0vbWC-","white"
"811","Lukasz","Kaiser",2018,"BkeqO7x0-","white"
"812","Lukasz","Kaiser",2018,"HyKZyYlRZ","white"
"813","Lukasz","Kaiser",2018,"r16Vyf-0-","white"
"814","Lukasz","Kaiser",2018,"S1jBcueAb","white"
"815","Lukasz","Kaiser",2019,"rygp3iRcF7","white"
"816","Lukasz","Kaiser",2019,"HyzdRiR9Y7","white"
"938","Sanjeev","Arora",2017,"SyK00v5xx","asian"
"939","Sanjeev","Arora",2018,"BygpQlbA-","asian"
"940","Sanjeev","Arora",2018,"BJehNfW0-","asian"
"941","Sanjeev","Arora",2018,"B1e5ef-C-","asian"
"942","Sanjeev","Arora",2019,"rkxQ-nA9FX","asian"
"943","Sanjeev","Arora",2019,"SkMQg3C5K7","asian"
"974","Misha","Denil",2017,"r1nTpv9eg","black"
"975","Misha","Denil",2017,"SJMGPrcle","black"
"976","Misha","Denil",2018,"r1HhRfWRZ","black"
"977","Misha","Denil",2019,"rJxHsjRqFQ","black"
"978","Ofir","Nachum",2017,"SJTQLdqlg","asian"
"979","Ofir","Nachum",2017,"ryT4pvqll","asian"
"980","Ofir","Nachum",2018,"B1nLkl-0Z","asian"
"981","Ofir","Nachum",2018,"HyrCWeWCb","asian"
"982","Ofir","Nachum",2019,"HJlNpoA5YQ","asian"
"983","Ofir","Nachum",2019,"H1emus0qF7","asian"
"984","Ofir","Nachum",2019,"Bke0rjR5F7","asian"
"985","Ofir","Nachum",2019,"Syxgbh05tQ","asian"
"1042","Caiming","Xiong",2017,"rJeKjwvclx","asian"
"1043","Caiming","Xiong",2017,"H1zJ-v5xl","asian"
"1044","Caiming","Xiong",2017,"Byj72udxe","asian"
"1045","Caiming","Xiong",2017,"SJZAb5cel","asian"
"1046","Caiming","Xiong",2017,"rJsiFTYex","asian"
"1047","Caiming","Xiong",2018,"B1l8BtlCb","asian"
"1048","Caiming","Xiong",2018,"Syx6bz-Ab","asian"
"1049","Caiming","Xiong",2018,"SJJQVZW0b","asian"
"1050","Caiming","Xiong",2018,"S1J2ZyZ0Z","asian"
"1051","Caiming","Xiong",2018,"SJ19eUg0-","asian"
"1052","Caiming","Xiong",2018,"H1meywxRW","asian"
"1053","Caiming","Xiong",2018,"HkAClQgA-","asian"
"1054","Caiming","Xiong",2019,"B1lfHhR9tm","asian"
"1055","Caiming","Xiong",2019,"r1xurn0cKQ","asian"
"1056","Caiming","Xiong",2019,"Sklsm20ctX","asian"
"1057","Caiming","Xiong",2019,"r1GAsjC5Fm","asian"
"1058","Caiming","Xiong",2019,"r14EOsCqKX","asian"
"1059","Caiming","Xiong",2019,"Syl7OsRqY7","asian"
"1060","Caiming","Xiong",2019,"ryxsS3A5Km","asian"
"1061","Caiming","Xiong",2019,"ryxnHhRqFm","asian"
"1062","Caiming","Xiong",2019,"B1G9doA9F7","asian"
"1063","Caiming","Xiong",2019,"BJxOHs0cKm","asian"
"1064","Caiming","Xiong",2019,"SJl98sR5tX","asian"
"2813","Sharan","Narang",2017,"HyoST_9xl","asian"
"2814","Sharan","Narang",2017,"BylSPv9gx","asian"
"2815","Sharan","Narang",2018,"HJtEm4p6Z","asian"
"2816","Sharan","Narang",2018,"r1gs9JgRZ","asian"
"2817","Sharan","Narang",2018,"HJaDJZ-0W","asian"
"2818","Sharan","Narang",2019,"B1g-X3RqKm","asian"
"2831","David","Krueger",2017,"rJqBEPcxe","white"
"2832","David","Krueger",2018,"S1fcY-Z0-","white"
"2833","David","Krueger",2019,"S1eEmn05tQ","white"
"2834","Dustin","Tran",2017,"Hy6b4Pqee","asian"
"2835","Dustin","Tran",2018,"rJNpifWAb","asian"
"2836","Dustin","Tran",2018,"rJ7RBNe0-","asian"
"2837","Dustin","Tran",2018,"SyELrEeAb","asian"
"2838","Dustin","Tran",2019,"HkgxasA5Ym","asian"
"2849","Xi","Chen",2017,"BJrFC6ceg","asian"
"2850","Xi","Chen",2017,"BysvGP5ee","asian"
"2851","Xi","Chen",2017,"ry_4vpixl","asian"
"2852","Xi","Chen",2017,"SyOvg6jxx","asian"
"2853","Xi","Chen",2017,"HkLXCE9lx","asian"
"2854","Xi","Chen",2018,"B1DmUzWAW","asian"
"2855","Xi","Chen",2018,"SyX0IeWAW","asian"
"2856","Xi","Chen",2018,"Skk3Jm96W","asian"
"2857","Xi","Chen",2018,"ByBAl2eAZ","asian"
"2858","Xi","Chen",2019,"Hyg74h05tX","asian"
"2889","Noam","Shazeer",2017,"B1ckMDqlg","asian"
"2890","Noam","Shazeer",2018,"Hyg0vbWC-","asian"
"2891","Noam","Shazeer",2018,"HyKZyYlRZ","asian"
"2892","Noam","Shazeer",2018,"r16Vyf-0-","asian"
"2893","Noam","Shazeer",2019,"rJe4ShAcF7","asian"
"2904","David","Alvarez-Melis",2017,"HkYhZDqxg","hispanic"
"2905","David","Alvarez-Melis",2018,"SyKoKWbC-","hispanic"
"2906","David","Alvarez-Melis",2019,"SylCrnCcFX","hispanic"
"2907","Lisha","Li",2017,"ry18Ww5ee","asian"
"2908","Lisha","Li",2018,"S1Y7OOlRZ","asian"
"2909","Lisha","Li",2019,"H1g0Z3A9Fm","asian"
"2910","Greg","Yang",2017,"Byiy-Pqlx","asian"
"2911","Greg","Yang",2018,"rJGY8GbR-","asian"
"2912","Greg","Yang",2019,"SyMDXnCcF7","asian"
"2913","Greg","Yang",2019,"B1g30j0qF7","asian"
"2918","Aravind","Rajeswaran",2017,"SyWvgP5el","asian"
"2919","Aravind","Rajeswaran",2018,"rJwelMbR-","asian"
"2920","Aravind","Rajeswaran",2018,"H1tSsb-AW","asian"
"2921","Aravind","Rajeswaran",2019,"Byey7n05FQ","asian"
"2926","Rudy","Bunel",2017,"r1rz6U5lg","hispanic"
"2927","Rudy","Bunel",2018,"BkPrDFgR-","hispanic"
"2928","Rudy","Bunel",2018,"H1Xw62kRZ","hispanic"
"2929","Rudy","Bunel",2019,"HyeFAsRctQ","hispanic"
"2934","Leonard","Berrada",2017,"By5e2L9gl","hispanic"
"2935","Leonard","Berrada",2018,"Hk5elxbRW","hispanic"
"2936","Leonard","Berrada",2019,"SyVU6s05K7","hispanic"
"2937","Peter","O'Connor",2017,"HkNRsU5ge","white"
"2938","Peter","O'Connor",2018,"HkZy-bW0-","white"
"2939","Peter","O'Connor",2018,"S1EzRgb0W","white"
"2940","Peter","O'Connor",2019,"B1GMDsR5tm","white"
"2945","Luke","Metz",2017,"BydrOIcle","white"
"2946","Luke","Metz",2018,"r1SuFjkRW","white"
"2947","Luke","Metz",2018,"SyUkxxZ0b","white"
"2948","Luke","Metz",2019,"HkxKH2AcFm","white"
"2949","Luke","Metz",2019,"B1xFxh0cKX","white"
"2950","Luke","Metz",2019,"HJxwAo09KQ","white"
"2951","Luke","Metz",2019,"HkNDsiC9KQ","white"
"3001","Adji","B. Dieng",2017,"rJbbOLcex","asian"
"3002","Adji","B. Dieng",2018,"ryk77mbRZ","asian"
"3003","Adji","B. Dieng",2019,"SJlh2jR9FX","asian"
"3004","Hanjun","Dai",2017,"HJGODLqgx","asian"
"3005","Hanjun","Dai",2018,"SyqShMZRb","asian"
"3006","Hanjun","Dai",2019,"Syl8Sn0cK7","asian"
"3007","Ishan","Durugkar",2017,"Byk-VI9eg","asian"
"3008","Ishan","Durugkar",2018,"Bk-ofQZRb","asian"
"3009","Ishan","Durugkar",2018,"Syg-YfWCW","asian"
"3010","Ishan","Durugkar",2019,"rylbWhC5Ym","asian"
"3015","Ilya","Loshchilov",2017,"Skq89Scxx","hispanic"
"3016","Ilya","Loshchilov",2018,"rk6qdGgCZ","hispanic"
"3017","Ilya","Loshchilov",2019,"Bkg6RiCqY7","hispanic"
"3018","W.","James Murdoch",2017,"SJvYgH9xe","black"
"3019","W.","James Murdoch",2018,"rkRwGg-0Z","black"
"3020","W.","James Murdoch",2019,"SkEqro0ctQ","black"
"3021","Samuel","S. Schoenholz",2017,"H1W1UN9gg","white"
"3022","Samuel","S. Schoenholz",2018,"B1EA-M-0Z","white"
"3023","Samuel","S. Schoenholz",2019,"SyMDXnCcF7","white"
"3024","David","Lopez-Paz",2017,"SJkXfE5xx","hispanic"
"3025","David","Lopez-Paz",2018,"ryj38zWRb","hispanic"
"3026","David","Lopez-Paz",2018,"r1Ddp1-Rb","hispanic"
"3027","David","Lopez-Paz",2018,"ry5wc1bCW","hispanic"
"3028","David","Lopez-Paz",2019,"H1MzKs05F7","hispanic"
"3039","Lu","Hou",2017,"S1oWlN9ll","asian"
"3040","Lu","Hou",2018,"BkrSv0lA-","asian"
"3041","Lu","Hou",2019,"ryM_IoAqYX","asian"
"3042","Ziyu","Wang",2017,"HyM25Mqel","asian"
"3043","Ziyu","Wang",2018,"HJWGdbbCW","asian"
"3044","Ziyu","Wang",2018,"rk07ZXZRb","asian"
"3045","Ziyu","Wang",2019,"rygVV205KQ","asian"
"3046","Ziyu","Wang",2019,"BkgtDsCcKQ","asian"
"3047","Ziyu","Wang",2019,"HJMjW3RqtX","asian"
"3078","Jan","Hendrik Metzen",2017,"SJzCSf9xg","white"
"3079","Jan","Hendrik Metzen",2018,"SySaJ0xCZ","white"
"3080","Jan","Hendrik Metzen",2018,"SyjsLqxR-","white"
"3081","Jan","Hendrik Metzen",2019,"ByME42AqK7","white"
"3086","Dani","Yogatama",2017,"Skvgqgqxe","asian"
"3087","Dani","Yogatama",2018,"BJMuY-gRW","asian"
"3088","Dani","Yogatama",2018,"SkFqf0lAZ","asian"
"3089","Dani","Yogatama",2019,"SygQvs0cFQ","asian"
"3094","Moritz","Hardt",2017,"Sy8gdB9xx","black"
"3095","Moritz","Hardt",2017,"ryxB0Rtxx","black"
"3096","Moritz","Hardt",2018,"S1Y7OOlRZ","black"
"3097","Moritz","Hardt",2019,"Hygxb2CqKm","black"
"3098","Moritz","Hardt",2019,"S1MAriC5F7","black"
"3104","Eric","Nalisnick",2017,"S1jmAotxg","white"
"3105","Eric","Nalisnick",2018,"B1lMMx1CW","white"
"3106","Eric","Nalisnick",2019,"H1xwNhCcYm","white"
"3107","Nadav","Cohen",2017,"BkVsEMYel","white"
"3108","Nadav","Cohen",2017,"BJluGHcee","white"
"3109","Nadav","Cohen",2018,"S1JHhv6TW","white"
"3110","Nadav","Cohen",2018,"SywXXwJAb","white"
"3111","Nadav","Cohen",2019,"SkMQg3C5K7","white"
"3117","Takeru","Miyato",2017,"r1X3g2_xl","asian"
"3118","Takeru","Miyato",2018,"B1QRgziT-","asian"
"3119","Takeru","Miyato",2018,"ByS1VpgRZ","asian"
"3120","Takeru","Miyato",2019,"HkzNXhC9KQ","asian"
"3125","Dzmitry","Bahdanau",2017,"SJDaqqveg","asian"
"3126","Dzmitry","Bahdanau",2018,"B1CNpYg0-","asian"
"3127","Dzmitry","Bahdanau",2019,"rJeXCo0cYX","asian"
"3128","Dzmitry","Bahdanau",2019,"H1xsSjC9Ym","asian"
"3133","Nicolas","Le Roux",2017,"HyAbMKwxe","hispanic"
"3134","Nicolas","Le Roux",2017,"SJ-uGHcee","hispanic"
"3135","Nicolas","Le Roux",2018,"H1OQukZ0-","hispanic"
"3136","Nicolas","Le Roux",2019,"rJgSV3AqKQ","hispanic"
"3137","Nicolas","Le Roux",2019,"BJxRVnC5Fm","hispanic"
"3143","Andrew","Brock",2017,"HkNKFiGex","white"
"3144","Andrew","Brock",2018,"rydeCEhs-","white"
"3145","Andrew","Brock",2019,"B1xsqj09Fm","white"
"3146","Xuezhe","Ma",2017,"rkGabzZgl","asian"
"3147","Xuezhe","Ma",2018,"B1mSWUxR-","asian"
"3148","Xuezhe","Ma",2019,"Hke4l2AcKQ","asian"
"3149","Alexander","L. Gaunt",2017,"HJjiFK5gx","hispanic"
"3150","Alexander","L. Gaunt",2017,"ByldLrqlx","hispanic"
"3151","Alexander","L. Gaunt",2017,"HJStZKqel","hispanic"
"3152","Alexander","L. Gaunt",2017,"HkpLeH9el","hispanic"
"3153","Alexander","L. Gaunt",2018,"HJnQJXbC-","hispanic"
"3154","Alexander","L. Gaunt",2019,"BJl6AjC5F7","hispanic"
"3155","Alexander","L. Gaunt",2019,"Bke4KsA5FX","hispanic"
"3156","Alexander","L. Gaunt",2019,"B1l08oAct7","hispanic"
"3173","Carson","Eisenach",2017,"H1wgawqxl","white"
"3174","Carson","Eisenach",2018,"Sy_MK3lAZ","white"
"3175","Carson","Eisenach",2019,"HkgqFiAcFm","white"
"3176","Alexander","Novikov",2017,"rkYmiD9lg","white"
"3177","Alexander","Novikov",2018,"S1WRibb0Z","white"
"3178","Alexander","Novikov",2019,"rygVV205KQ","white"
"3179","Scott","Reed",2017,"Hyvw0L9el","white"
"3180","Scott","Reed",2018,"r1wEFyWCW","white"
"3181","Scott","Reed",2019,"rygVV205KQ","white"
"3182","Scott","Reed",2019,"rkzjUoAcFX","white"
"3183","Scott","Reed",2019,"HJMjW3RqtX","white"
"3194","Yuandong","Tian",2017,"Hk3mPK5gg","asian"
"3195","Yuandong","Tian",2017,"Hk85q85ee","asian"
"3196","Yuandong","Tian",2018,"SkA-IE06W","asian"
"3197","Yuandong","Tian",2018,"rkaT3zWCZ","asian"
"3198","Yuandong","Tian",2018,"H1LAqMbRW","asian"
"3199","Yuandong","Tian",2019,"SyeKf30cFQ","asian"
"3200","Yuandong","Tian",2019,"BJe1E2R5KX","asian"
"3201","Yuandong","Tian",2019,"BJGVX3CqYm","asian"
"3202","Yuandong","Tian",2019,"r1GkMhAqYm","asian"
"3203","Yuandong","Tian",2019,"SJgs1n05YQ","asian"
"3204","Yuandong","Tian",2019,"BkzeUiRcY7","asian"
"3205","Yuandong","Tian",2019,"BJgQB20qFQ","asian"
"3446","Amit","Deshpande",2017,"SyZprb5xg","asian"
"3447","Amit","Deshpande",2018,"SJICXeWAb","asian"
"3448","Amit","Deshpande",2019,"Ske25sC9FQ","asian"
"3449","Amit","Deshpande",2019,"B1MX5j0cFX","asian"
"3454","Miltiadis","Allamanis",2017,"B1vRTeqxg","hispanic"
"3455","Miltiadis","Allamanis",2018,"BJOFETxR-","hispanic"
"3456","Miltiadis","Allamanis",2019,"BJl6AjC5F7","hispanic"
"3457","Miltiadis","Allamanis",2019,"H1ersoRqtm","hispanic"
"3458","Miltiadis","Allamanis",2019,"Bke4KsA5FX","hispanic"
"3469","Elad","Hoffer",2017,"r1R5Z19le","white"
"3470","Elad","Hoffer",2017,"S1vyujVye","white"
"3471","Elad","Hoffer",2018,"Hkfmn5n6W","white"
"3472","Elad","Hoffer",2018,"S1Dh8Tg0-","white"
"3473","Elad","Hoffer",2018,"r1q7n9gAb","white"
"3474","Elad","Hoffer",2019,"H1V4QhAqYQ","white"
"3475","Elad","Hoffer",2019,"B1x33sC9KQ","white"
"3511","Jacob","Andreas",2017,"H1kjdOYlx","asian"
"3512","Jacob","Andreas",2018,"HkCnm-bAb","asian"
"3513","Jacob","Andreas",2019,"HJz05o0qK7","asian"
"3514","Jacob","Andreas",2019,"HkgSEnA5KQ","asian"
"3519","Jake","Snell",2017,"B1-Hhnslg","white"
"3520","Jake","Snell",2018,"HJcSzz-CZ","white"
"3521","Jake","Snell",2019,"SygD-hCcF7","white"
"3522","Jake","Snell",2019,"BJe1hsCcYQ","white"
"3527","Matthew","Riemer",2017,"HyenWc5gx","white"
"3528","Matthew","Riemer",2018,"ry8dvM-R-","white"
"3529","Matthew","Riemer",2019,"B1gTShAct7","white"
"3530","Adam","Trischler",2017,"SyW2QSige","white"
"3531","Adam","Trischler",2017,"ry3iBFqgl","white"
"3532","Adam","Trischler",2018,"B18WgG-CZ","white"
"3533","Adam","Trischler",2018,"rkTS8lZAb","white"
"3534","Adam","Trischler",2018,"BydLzGb0Z","white"
"3535","Adam","Trischler",2018,"SyunbfbAb","white"
"3536","Adam","Trischler",2018,"SkqV-XZRZ","white"
"3537","Adam","Trischler",2019,"BJlxm30cKm","white"
"3538","Adam","Trischler",2019,"S1lhbnRqF7","white"
"3539","Adam","Trischler",2019,"Bklr3j0cKX","white"
"3680","Chang","Liu",2017,"Sys6GJqxl","asian"
"3681","Chang","Liu",2017,"rJbPBt9lg","asian"
"3682","Chang","Liu",2018,"rkxY-sl0W","asian"
"3683","Chang","Liu",2018,"SkYibHlRb","asian"
"3684","Chang","Liu",2018,"Skp1ESxRZ","asian"
"3685","Chang","Liu",2019,"H1gfOiAqYm","asian"
"3698","Richard","Shin",2017,"BkbY4psgg","asian"
"3699","Richard","Shin",2017,"rJbPBt9lg","asian"
"3700","Richard","Shin",2017,"Hy0L4t5el","asian"
"3701","Richard","Shin",2018,"rJl63fZRb","asian"
"3702","Richard","Shin",2018,"BJ4prNx0W","asian"
"3703","Richard","Shin",2019,"ryeOSnAqYm","asian"
"3710","Xinyun","Chen",2017,"Sys6GJqxl","asian"
"3711","Xinyun","Chen",2017,"ByToKu9ll","asian"
"3712","Xinyun","Chen",2018,"rkxY-sl0W","asian"
"3713","Xinyun","Chen",2018,"Skp1ESxRZ","asian"
"3714","Xinyun","Chen",2019,"H1gfOiAqYm","asian"
"3715","Xinyun","Chen",2019,"BJgQB20qFQ","asian"
"3734","Junhyuk","Oh",2017,"SJttqw5ge","asian"
"3735","Junhyuk","Oh",2018,"B1NOXfWR-","asian"
"3736","Junhyuk","Oh",2019,"HyxGB2AcY7","asian"
"3737","Junhyuk","Oh",2019,"H1MBuiAqtX","asian"
"3738","Junhyuk","Oh",2019,"HJeABnCqKQ","asian"
"3749","Qiang","Liu",2017,"H1oRQDqlg","asian"
"3750","Qiang","Liu",2017,"Sy4tzwqxe","asian"
"3751","Qiang","Liu",2018,"Hk9Xc_lR-","asian"
"3752","Qiang","Liu",2018,"H1mCp-ZRZ","asian"
"3753","Qiang","Liu",2019,"HJGtFoC5Fm","asian"
"3754","Qiang","Liu",2019,"S1z9ehAqYX","asian"
"3755","Qiang","Liu",2019,"HyxzRsR9Y7","asian"
"3756","Qiang","Liu",2019,"HklKui0ct7","asian"
"3813","David","Silver",2017,"SJ6yPD5xg","white"
"3814","David","Silver",2017,"BkJsCIcgl","white"
"3815","David","Silver",2018,"r1TA9ZbA-","white"
"3816","David","Silver",2018,"H1Dy---0Z","white"
"3817","David","Silver",2019,"rJgvf3RcFQ","white"
"3818","David","Silver",2019,"S1VWjiRcKX","white"
"3819","David","Silver",2019,"Hkxr1nCcFm","white"
"3820","David","Silver",2019,"H1MBuiAqtX","white"
"3877","Anirudh","Goyal",2017,"SJDaqqveg","asian"
"3878","Anirudh","Goyal",2017,"rkpdnIqlx","asian"
"3879","Anirudh","Goyal",2018,"SJCq_fZ0Z","asian"
"3880","Anirudh","Goyal",2018,"SJTB5GZCb","asian"
"3881","Anirudh","Goyal",2019,"HJldzhA5tQ","asian"
"3882","Anirudh","Goyal",2019,"rJg8yhAqKm","asian"
"3883","Anirudh","Goyal",2019,"SkgQBn0cF7","asian"
"3884","Anirudh","Goyal",2019,"HygsfnR9Ym","asian"
"3885","Anirudh","Goyal",2019,"SkgVRiC9Km","asian"
"3886","Anirudh","Goyal",2019,"HJlmhs05tm","asian"
"3997","Edouard","Oyallon",2017,"ryPx38qge","black"
"3998","Edouard","Oyallon",2018,"HJsjkMb0Z","black"
"3999","Edouard","Oyallon",2019,"r1Gsk3R9Fm","black"
"4000","Armand","Joulin",2017,"B184E5qee","black"
"4001","Armand","Joulin",2017,"S1LVSrcge","black"
"4002","Armand","Joulin",2017,"rkmDI85ge","black"
"4003","Armand","Joulin",2017,"SJc1hL5ee","black"
"4004","Armand","Joulin",2018,"ryj38zWRb","black"
"4005","Armand","Joulin",2019,"HJe62s09tX","black"
"4006","Chun-Liang","Li",2017,"H1GEvHcee","asian"
"4007","Chun-Liang","Li",2018,"SJA7xfb0b","asian"
"4008","Chun-Liang","Li",2019,"r1GbfhRqF7","asian"
"4009","Chun-Liang","Li",2019,"SJl2niR9KQ","asian"
"4010","Chun-Liang","Li",2019,"ByxAcjCqt7","asian"
"4031","Yan","Duan",2017,"B1oK8aoxe","asian"
"4032","Yan","Duan",2017,"BysvGP5ee","asian"
"4033","Yan","Duan",2017,"SyOvg6jxx","asian"
"4034","Yan","Duan",2017,"HkLXCE9lx","asian"
"4035","Yan","Duan",2018,"SJJinbWRZ","asian"
"4036","Yan","Duan",2018,"H1tSsb-AW","asian"
"4037","Yan","Duan",2018,"Skk3Jm96W","asian"
"4038","Yan","Duan",2019,"Hyg74h05tX","asian"
"4055","Zichao","Yang",2017,"ByG8A7cee","asian"
"4056","Zichao","Yang",2018,"rylSzl-R-","asian"
"4057","Zichao","Yang",2019,"S1x2aiRqFX","asian"
"4058","Zichao","Yang",2019,"r1MxciCcKm","asian"
"4063","Prajit","Ramachandran",2017,"H1Gq5Q9el","asian"
"4064","Prajit","Ramachandran",2018,"SkBYYyZRZ","asian"
"4065","Prajit","Ramachandran",2019,"BkxWJnC9tX","asian"
"4066","Kenton","Lee",2017,"HkIQH7qel","asian"
"4067","Kenton","Lee",2018,"HJOQ7MgAW","asian"
"4068","Kenton","Lee",2019,"rygnfn0qF7","asian"
"4069","Kimin","Lee",2017,"B1akgy9xx","asian"
"4070","Kimin","Lee",2018,"ryiAv2xAZ","asian"
"4071","Kimin","Lee",2019,"rkle3i09K7","asian"
"4072","Zachary","C. Lipton",2017,"r1tHvHKge","white"
"4073","Zachary","C. Lipton",2018,"B16yEqkCZ","white"
"4074","Zachary","C. Lipton",2018,"S1nQvfgA-","white"
"4075","Zachary","C. Lipton",2018,"H1sUHgb0Z","white"
"4076","Zachary","C. Lipton",2018,"H1uR4GZRZ","white"
"4077","Zachary","C. Lipton",2018,"ry018WZAZ","white"
"4078","Zachary","C. Lipton",2019,"HJfSEnRqKQ","white"
"4079","Zachary","C. Lipton",2019,"rJEjjoR9K7","white"
"4152","Manzil","Zaheer",2017,"ry54RWtxx","asian"
"4153","Manzil","Zaheer",2018,"r1drp-WCZ","asian"
"4154","Manzil","Zaheer",2018,"Syg-YfWCW","asian"
"4155","Manzil","Zaheer",2019,"HkfPSh05K7","asian"
"4156","Manzil","Zaheer",2019,"ByxAcjCqt7","asian"
"4172","Roman","Novak",2017,"r1y1aawlg","white"
"4173","Roman","Novak",2018,"B1EA-M-0Z","white"
"4174","Roman","Novak",2018,"HJC2SzZCW","white"
"4175","Roman","Novak",2019,"B1g30j0qF7","white"
"4180","Antonia","Creswell",2017,"ryXZmzNeg","black"
"4181","Antonia","Creswell",2018,"B1tExikAW","black"
"4182","Antonia","Creswell",2019,"BJfRpoA9YX","black"
